mass_low_GeV,mass_high_GeV,mass_mid_GeV,sigma_fb,error_fb,chisq_per_it
100,115,107.5,8.58537e-07,8.3732e-09,0.356
115,120,117.5,1.38014e-06,1.3486e-08,0.664
120,124,122.0,7.67935e-06,6.7734e-08,0.739
124,126,125.0,9.37000e-05,2.2000e-09,
126,130,128.0,-1.99796e-05,1.7042e-07,0.732
130,140,135.0,-4.31679e-05,2.6319e-07,0.938
140,170,155.0,-5.02280e-04,8.8414e-07,1.356
170,220,195.0,-3.21446e-02,2.3622e-05,0.500
220,300,260.0,-4.47467e-02,3.9683e-05,0.754
300,450,375.0,-2.53382e-02,6.6787e-05,2.389
450,650,550.0,-4.98848e-03,1.1130e-05,12.50
650,1000,825.0,-4.91288e-04,2.1163e-06,4.62
