bin,mass_low_GeV,mass_high_GeV,mass_mid_GeV,sigma_128_fb,err_128_fb,chisq_128,assumed_zero_128,sigma_129_fb,err_129_fb,chisq_129,sigma_132_fb,err_132_fb,chisq_132
00,100,115,107.5,0.0,,0.0,yes,8.58537e-07,8.3732e-09,0.3564,0.0174763,1.365e-05,5.644
01,115,120,117.5,2.65195e-10,7.171e-12,1047000.0,no,1.38014e-06,1.3486e-08,0.6636,0.000104894,1.9771e-06,15260.0
02,120,124,122.0,0.000140016,2.0224e-08,0.7597,no,7.67935e-06,6.7734e-08,0.7387,0.00591214,2.2419e-06,0.7567
peak,124,126,125,0.3510523,,,no,9.37e-05,2.2e-06,,0.003048,5.3e-06,
04,126,130,128.0,0.000245504,1.6147e-07,18.74,no,-1.99796e-05,1.7042e-07,0.7322,0.00636182,9.5815e-07,0.3774
05,130,140,135.0,9.38867e-05,3.4395e-08,10.99,no,-4.31679e-05,2.6319e-07,0.9377,0.0161406,5.2518e-05,209.8
06,140,170,155.0,0.000221199,5.7779e-08,0.8002,no,-0.00050228,8.8414e-07,1.356,0.0517543,4.2393e-05,0.5531
07,170,220,195.0,0.0,,0.0,yes,-0.0321446,2.3622e-05,0.4998,0.757885,0.00066833,0.4085
08,220,300,260.0,0.0,,0.0,yes,-0.0447467,3.9683e-05,0.7536,0.874968,0.00070102,0.3106
09,300,450,375.0,0.0,,0.0,yes,-0.0253382,6.6787e-05,2.389,0.394496,0.00027804,0.2962
10,450,650,550.0,0.0,,0.0,yes,-0.00498848,1.113e-05,12.5,0.107888,0.00010048,0.7097
11,650,1000,825.0,0.0,,0.0,yes,-0.000491288,2.1163e-06,4.621,0.0383451,2.2188e-05,0.6229
